from_regime,regime_0,regime_1,regime_2
regime_0,0.768,0.008,0.224
regime_1,0,0.99378882,0.00621118
regime_2,0.036988111,0.001321004,0.961690885